,0
0,Alex Pentland
1,Esteban Moro
2,Manuel Herranz
3,Vedran Sekara
4,Yan Leng
5,Diogo Pacheco
6,Kaicheng Yang
7,Pik-mai Hui
8,Dashun Wang
9,Lu Liu
10,Jana Diesner
11,Rezvaneh Rezapour
12,Shubhanshu Mishra
13,Kostas Stathoulopoulos
14,Zac Ioannidis
15,Andrea Baronchelli
16,Antonio Arechar
17,David Rand
18,Dean Eckles
19,Gordon Pennycook
20,Mohsen Mosleh
21,Ziv Epstein
22,Bryan Daniels
23,Chris Myers
24,David Krakauer
25,Edward Lee
26,Jessica Flack
27,Andras Voros
28,Christoph Stadtfeld
29,Hannah Muelder
30,Kieran Mepham
31,Marloes Maathuis
32,Michele Coscia
33,Christoph Kern
34,Denis Bonnay
35,Ruben Bach
36,Alvin Zhou
37,Kokil Jaidka
38,Yphtach Lelkes
39,Ashton Anderson
40,Isaac Waller
41,Alessandro Artoni
42,Francesco Pierri
43,Stefano Ceri
44,Alejandro Andrade
45,Anna Shvarts
46,Arthur Bakker
47,Dor Abrahamson
48,Lu Ou
49,Maria Bolsinova
50,Rosa Alberto
51,Alexandru Cernat
52,Florian Keusch
53,Alex Pentland
54,Dean Eckles
55,Martin Saveski
56,Yan Leng
57,Alexander Stewart
58,Antonio Arechar
59,David Rand
60,Joshua Plotkin
61,Marina Diakonova
62,Mohsen Mosleh
63,Carlos Fernandez
64,Foster Provost
65,Dean Eckles
66,Kiran Garimella
67,Ashton Anderson
68,Jon Kleinberg
69,Reid Mcilroy-young
70,Siddhartha Sen
71,Adam Hughes
72,David Lazer
73,Emma Remy
74,Sono Shah
75,Stefan Mccabe
76,William Hobbs
77,Alessandra Russo
78,Avelie Stuart
79,Elahe Naserian
80,Luke Dickens
81,Miriam Koschate
82,Florian Keusch
83,Frauke Kreuter
84,Georg-christoph Haas
85,Mark Trappmann
86,Sebastian Bahr
87,Elahe Naserian
88,Miriam Koschate-reis
89,Jan Overgoor
90,Johan Ugander
91,Pakapol Supaniratisai
92,Drew Dimmery
93,Yan Leng
94,Ceren Budak
95,Lia Bozarth
96,Alex Pentland
97,Dan Calacci
98,Ho-chun Chang
99,Soyun Ahn
100,Ana-andreea Stoica
101,Augustin Chaintreau
102,Jessy Han
103,Bedoor Alshebli
104,Gururaghav Raman
105,Jimmy Peng
106,Marcin Waniek
107,Talal Rahwan
108,Daniele Quercia
109,Luca Aiello
110,Milan Janosov
111,Chenhao Tan
112,Qin Lv
113,Shuo Zhang
114,Aaron Schein
115,David Blei
116,Dhanya Sridhar
117,Donald Green
118,James Moffet
119,Jeffrey Quinn
120,Keyon Vafa
121,Naseem Makiya
122,Victor Veitch
123,Adam Berinsky
124,Ali Jadbabaie
125,Amir Tohidi
126,Dean Eckles
127,Manon Revel
128,Alex Pentland
129,Felipe Montes
130,German Sanchez
131,Isabella Loaiza
132,Lina Ramos
133,Francesco Rampazzo
134,Katherine Pham
135,Leah Rosenzweig
136,Matthewo Mildenberger
137,Parrish Bergquist
138,Christos Nicolaides
139,Dean Eckles
140,Brandon Roy
141,Deb Roy
142,Emre Calisir
143,Marco Brambilla
144,David Rand
145,Erin Wamsley
146,Graelyn Humiston
147,Anton Boichenko
148,Nicholas Beauchamp
149,Tanya Berger-wolf
150,Bas Hofstra
151,Charles Gomez
152,Sebastian Munoz-najar
153,Alexander Waagen
154,Charles Martin
155,Tasi-ching Lu
156,Derek Weber
157,Lewis Mitchell
158,Lucia Falzon
159,Mehwish Nasim
160,Matthewhew Turner
161,Paul Smaldino
162,Jacob Staerk-ostergaard
163,Robin Engelhardt
164,Satyam Mukherjee
165,Brian Uzzi
166,Ryan Whalen
167,Sourav Medya
168,Daniel Romero
169,Edward Platt
170,Herminio Bodon
171,Kiran Garimella
172,Kirill Martynov
173,Robert West
174,Antonio Arechar
175,David Rand
176,Gord Pennycook
177,Jennifer Allen
178,Chris Riedl
179,Patrick Forber
180,Rory Smead
181,Zach Fulker
182,Gargiulo Floriana
183,Antonio Sirianni
184,Charles Gomez
185,Launy Schweiger
186,Kostas Stathoulopoulos
187,Zac Ioannidis
188,Alexandre Bovet
189,Anamika Shreeva
190,Anna Keuchenius
191,Chico Camargo
192,Irene Malvestio
193,Lea Brandt
194,Mikolaj Biesaga
195,Sabin Roman
196,Luca Verginer
197,Massimo Riccaboni
198,Pietro Panzarasa
199,Xiancheng Li
200,Feng Fu
201,Ho-chun Chang
202,Henner Gimpel
203,Manfred Schoch
204,Ricarda Schafer
205,Robert Laubacher
206,Doyne Farmer
207,Francois Lafond
208,Mariano Beguerisse-diaz
209,Penny Mealy
210,R. Rio-chanona
211,Haewoon Kwak
212,Hyeonho Song
213,Kunwoo Park
214,Meeyoung Cha
215,Hannes Ullrich
216,Michael Ribers
217,Alex Pentland
218,Dhaval Adjodah
219,Esteban Moro
220,Peter Kraft
221,Shi Chong
222,Yan Leng
223,Ashkan Kazemi
224,Jenna Sherman
225,Nat Gyenes
226,Scott Hale
227,Alfredo Morales
228,Dominic Saad
229,Mark Sutcliffe
230,Yaneer Bar-yam
231,Lulu Peng
232,Aparna Ananthasubramaniam
233,Daniel Romero
234,David Jurgens
235,Brian Aronson
236,Kaicheng Yang
237,Yy Ahn
238,Jodi Basner
239,Karen White
240,Wan-ying Chang
241,Akira Matsui
242,Andres Abeliuk
243,Aram Galstyan
244,Emilio Ferrara
245,Fred Morstatter
246,Bryan Moser
247,Ira Winder
248,Jeff Dieffenbach
249,Katherine Carroll
250,Keran Rong
251,Prakash Manandhar
252,Roland Filippi
253,Qing Ke
254,Soojong Kim
255,John Scott
256,Renzhe Yu
257,Dashun Wang
258,Yang Wang
259,Zhen Lei
260,Zhongyang He
261,Poong Oh
262,Soojong Kim
263,Ceren Budak
264,Danaja Maldeniya
265,Daniel Romero
266,Lionel Robert
267,Fosca Giannotti
268,Ioanna Miliou
269,Lorenzo Gabrielli
270,Luca Pappalardo
271,Vasiliki Voukelatou
272,Lewis Mitchell
273,Matthewhew Roughan
274,Tobin South
275,Janos Kertesz
276,Julia Koltai
277,Marton Karsai
278,Zoltan Kmetty
279,Amir Karami
280,Frank Webb
281,Anna Keuchenius
282,Justus Uitermark
283,Petter Tornberg
284,Karoly Bozsonyi
285,Zoltan Kmetty
286,Arun Frey
287,Christopher Barrie
288,Polina Revina
289,Jaeryoung Ka
290,Jeongwook Kim
291,Jiwan Jeong
292,Jiyoung Han
293,Junbum Lee
294,Meeyoung Cha
295,Shohei Doi
296,Shuhei Kurizaki
297,Takayuki Mizuno
298,Balaraju Battu
299,Dilara Kekulluoglu
300,Kami Vaniea
301,Walid Magdy
302,Nick Allum
303,Polina Mosolova
304,Yunus Tapan
305,Jeffrey Sternberg
306,Cameron Martel
307,Hannah Weinberg-wolf
308,Jeremy Dohmann
309,Steve Chang
310,Eevastiina Gjerstad
311,Lili Aunimo
312,Allen Moulton
313,Nazli Choucri
314,Stuart Madnick
315,Yifeng Wan
316,Nicholas Hagar
317,Adam Bear
318,Ben Tappin
319,David Rand
320,Giovanni Tonutti
321,Florian Cafiero
322,Jeremy Ward
323,Paul Guille-escuret
324,Michael Hoefer
325,Edwin Jonge
326,Gert Buiten
327,Haewoon Kwak
328,Ingmar Weber
329,Jisun An
330,Luis Luque
331,Christian Almenar
332,Esteban Moro
333,Iyad Rahwan
334,Manuel Cebrian
335,Matthew Groh
336,Micah Epstein
337,Niccolo Pescetelli
338,Nick Obradovich
339,Ziv Epstein
340,Bernie Hogan
341,Sian Brooke
342,Radim Hladik
343,Talia Kaufmann
344,Robert Mahari
345,Sandor Lera
346,Daekyung Lee
347,Heetae Kim
348,Sang Lee
349,Cody Buntain
350,Jacob Shapiro
351,Joshua Tucker
352,Meysam Alizadeh
353,Charles Howland
354,David Rothschild
355,Duncan Watts
356,Jennifer Allen
357,Tobias Konitzer
358,Cheng-jun Wang
359,Huimin Xu
360,Cuihua Shen
361,Jian Zhu
362,Seth Frey
363,Yixin Zhou
364,Florianne Verkroost
365,Alessandro Flammini
366,Filippo Menczer
367,Kaicheng Yang
368,Mohsen Sayyadiharikandeh
369,Onur Varol
370,Hunter Heidenreich
371,Jake Williams
372,Munif Mujib
373,Jana Diesner
374,Mihai Avram
375,Nikolaus Parulian
376,Shubhanshu Mishra
377,Tiffany Lu
378,Jana Diesner
379,Janina Sarol
380,Ly Dinh
381,Bill Thompson
382,Mathew Hardy
383,Peaks Krafft
384,Tom Griffiths
385,Bruno Lepri
386,Giulia Cencetti
387,Lorenzo Lucchini
388,Riccardo Gallotti
389,Bruno Lepri
390,Marco Nadai
391,Massimiliano Luca
392,Ceren Budak
393,Lia Bozarth
394,Christoph Kern
395,Frauke Kreuter
396,Masha Krupenkin
397,Ruben Bach
398,Armin Pournaki
399,Eckehard Olbrich
400,Felix Gaisbauer
401,Sven Banisch
402,Ivan Smirnov
403,Sofia Dokuka
404,David Jurgens
405,Eshwar Chandrasekharan
406,Jiajun Bao
407,Junjie Wu
408,Yiming Zhang
409,Cristian Vallejos
410,Miguel Guevara
411,Alex Pentland
412,Dean Eckles
413,Eaman Jahani
414,Ivan Garibay
415,Seyyedmilad Talebzadehhosseini
416,Joshua Introne
417,Niraj Sitaula
418,Fan Yang
419,Qian Liu
420,Abhi Dubey
421,Matthew Groh
422,Oceane Boulais
423,Ziv Epstein
424,Hang-hyun Jo
425,Jeehye Choi
426,Aparna Ananthasubramaniam
427,Lingfei Wu
428,Linzhuo Li
429,Agnes Horvat
430,Johannes Wachs
431,Nicholas Hagar
432,David Rand
433,Gordon Pennycook
434,Ziv Epstein
435,Eun Lee
436,Ovidia Stanoi
437,Peter Much
438,James Siderius
439,Tanujit Chakraborty
440,Henrik Olsson
441,Tamara Does
442,Vicky Yang
443,Azadeh Nematzadeh
444,Daniel Romero
445,Emilio Ferrara
446,Hao Peng
447,Qi Hao
448,Qiaozhu Mei
449,Wei Ai
450,Xuan Lu
451,Xuanzhe Liu
452,Yanbin Cao
453,Anna Cigarini
454,Josep Perello
455,Julian Vicens
456,Joshua Blumenstock
457,Ceren Budak
458,Daniel Chen
459,Ji Kim
460,Milena Tsvetkova
461,Alessandro Rizzo
462,Matthewhieu Nadini
463,Maurizio Porfiri
464,Jason Burton
465,Ulrike Hahn
466,Kenneth Joseph
467,Yuhao Du
468,Aaron Clauset
469,Allison Morgan
470,Daniel Larremore
471,Michael Hoefer
472,Mirta Galesic
473,Samuel Way
474,Alessandro Flammini
475,Diogo Pacheco
476,Filippo Menczer
477,Alice Jang
478,Jesse Shore
479,Ivan Smirnov
480,Amol Bhondekar
481,Rishemjit Kaur
482,Ritesh Kumar
483,Tian Yang
484,Yilang Peng
485,James Houghton
486,Junming Huang
487,Tao Jia
488,Xiaoyao Yu
489,Brian Uzzi
490,Mohammad Rasoolinejad
491,Juan Serrano
492,Orestis Papakyriakopoulos
493,Simon Hegelich
494,Alex Arenas
495,Javier Borge-holthoefer
496,Josep Perello
497,Mario Gutierrez-roig
498,Benjamin Jones
499,Dashun Wang
500,Kuansan Wang
501,Yian Yin
502,Yuxiao Dong
503,Baird Howland
504,Daniel Muise
505,David Rothschild
506,Duncan Watts
507,Homa Hosseinmardi
508,Markus Mobius
509,Christoph Stadtfeld
510,Benjamin Horne
511,Cody Buntain
512,Mauricio Gruppi
513,Milo Trujillo
514,Dean Eckles
515,Jeremy Yang
516,Paramveer Dhillon
517,Sinan Aral
518,David Rand
519,Gordon Pennycook
520,Jon Mcphetres
521,Xi Chen
522,Alexander Petersen
523,Albert Kao
524,Alex Rutherford
525,Iyad Rahwan
526,Niccolo Pescetelli
527,Sebastian Steffen
528,Ashwin Rajadesingan
529,Ceren Budak
530,Paul Resnick
531,Aaron Shaw
532,Benjamin Hill
533,Nathante Teblunthuis
534,Daniel Mcfarland
535,Hancheng Cao
536,Mengjie Cheng
537,Xiang Ren
538,Zhepeng Cen
539,Bedoor Alshebli
540,Kinga Makovi
541,Talal Rahwan
542,Douglas Guilbeault
543,Joshua Becker
544,Samuel Woolley
545,Ashton Anderson
546,Dan Goldstein
547,Duncan Watts
548,George Lifchits
549,Jake Hofman
550,Alex Pentland
551,Burcin Bozkaya
552,Hasan Boz
553,Mohsen Bahrami
554,Selim Balcisoy
555,Yoshihiko Suhara
556,Arkadiusz Wisniowski
557,Dilek Yildiz
558,Emilio Zagheni
559,Guy Abel
560,Ingmar Weber
561,Stijn Hoorens
562,Denis Helic
563,Florian Lemmerich
564,Markus Strohmaier
565,Tiago Santos
566,Alla Baranovsky
567,Eaman Jahani
568,Irene Pasquetto
569,Matthewhew Baum
570,Benjamin Ooghe-tabanou
571,Dominique Cardon
572,Guillaume Plique
573,Jean-philippe Cointet
574,P 
575,Raj Chetty
576,Munmun Choudhury
577,Iyad Rahwan
578,Manuel Cebrian
579,Matthew Groh
580,Nick Obradovich
581,Ziv Epstein
582,Christoph Dann
583,Dustin Tingley
584,Emma Brunskill
585,Glenn Lopez
586,Joseph Williams
587,Justin Reich
588,Mike Yeomans
589,Rene Kizilcec
590,Selen Turkay
591,Neil Johnson
592,Nicholas Johnson
593,Nicolas Velazquez-hernandez
594,Rhys Leahy
595,Yonatan Lupu
596,Naoki Maejima
597,Shohei Usui
598,Susumu Nagayama
599,Takanori Nishida
600,Kazutoshi Sasahara
601,Michio Hosaka
602,Shimpei Okuda
603,Deb Roy
604,Doug Beeferman
605,Eric Chu
606,Nabeel Gillani
607,Bruno Lepri
608,Federico Battiston
609,Giulia Cencetti
610,Marton Karsai
611,Adina Nerghes
612,Anne Toonders
613,David Dekker
614,Ju-sung Lee
615,Florian Lemmerich
616,Ivan Smirnov
617,Markus Strohmaier
618,Satyam Mukherjee
619,Tarun Jain
620,Edwin Jonge
621,Jan Laan
622,Emilio Ferrara
623,Emily Chen
624,Fred Morstatter
625,Julie Jiang
626,Kristina Lerman
627,Anna Croley
628,David Rothschild
629,Duncan Watts
630,Homa Hosseinmardi
631,Ling Dong
632,Markus Mobius
633,Berk Deniz
634,Armin Pournaki
635,Eckehard Olbrich
636,Felix Gaisbauer
637,Sven Banisch
638,Maneet Singh
639,Rishemjit Kaur
640,S R
641,Ashton Anderson
642,Ian Anderson
643,Lucas Maystre
644,Mounia Lalmas
645,Rishabh Mehrotra
646,Andrea Parker
647,Brooke Welles
648,Elizabeth Stowell
649,Ryan Gallagheer
650,Florian Cafiero
651,Gerald Bronner
652,Laurent Cordonier
653,Dan Jurafsky
654,Julia Mendelsohn
655,Yulia Tsvetkov
656,Elise Jing
657,Simon Dedeo
658,Yy Ahn
659,Daniel Goldstein
660,Forough Poursabzi-sangdeh
661,Jake Hofman
662,Siddhartha Sen
663,Farshad Kooti
664,Kristen Altenburger
665,Laila Wahedi
666,Allison Koencke
667,Andrew Nam
668,Connor Toups
669,Dan Jurafsky
670,Emily Lake
671,Joe Nudell
672,John Rickford
673,Minnie Quartey
674,Sharad Goel
675,Zion Mengesha
676,Neil Johnson
677,Nicholas Johnson-restrepo
678,Nicolas Velasquez
679,Rhys Leahy
680,Yonatan Lupu
681,Ceren Budak
682,Christopher Quarles
683,Paul Resnick
684,Agnese Chiatti
685,Andrew Fitzgerald
686,Byron Reeves
687,Jihye Lee
688,Katie Roehrick
689,Mu-jung Cho
690,Nilam Ram
691,Thomas Robinson
692,Xiao Yang
693,Xiaoran Sun
694,Brian Uzzi
695,Cristian Vallejos
696,Joseph Hoover
697,Nour Kteily
698,Qiaozhu Mei
699,Wei Ai
700,Xuan Lu
701,Xuanzhe Liu
702,Yanbin Cao
703,Jana Diesner
704,Kanyao Han
705,Kehan Li
706,Pingjing Yang
707,Shubhanshu Mishra
708,Ana Brito
709,Diego Amancio
710,Filipi Silva
711,Ashwin Rajadesingan
712,David Jurgens
713,Ramaswami Mahalingam
714,Cristian Vallejos
715,Flavio Pinheiro
716,Joselina Davyt
717,Miguel Guevara
718,Aaron Halfaker
719,Benjamin Hill
720,Nathante Teblunthuis
721,Haewoon Kwak
722,Jisun An
723,Yy Ahn
724,Nicole Nisbett
725,Viktoria Spaiser
726,Henriette Cramer
727,Jean Garcia-gathright
728,Samuel Way
729,Kiran Sharma
730,Jeffery Schank
731,Sydney Wood
732,Martin Lukac
733,Jianyin Roachell
734,Andres Abeliuk
735,Emilio Ferrara
736,Kristina Lerman
737,Zhishen Huang
738,Cassidy Sugimoto
739,Dakota Murray
740,Lili Miao
741,Vincent Lariviere
742,Woo-sung Jung
743,Yy Ahn
744,Filippo Menczer
745,John Bollenbacher
746,Alessandro Flammini
747,Diogo Pacheco
748,Filippo Menczer
749,John Bollenbacher
750,Pik-mai Hui
751,Yy Ahn
752,Ben Rachunok
753,Roshi Nateghi
754,Akshay Aravamudan
755,Anna Koufakou
756,Chathika Gunaratne
757,Georgios Anagnostopoulos
758,Ivan Garibay
759,Xi Zhang
760,Hugo Contreras
761,Leo Ferres
762,Andrew Wang
763,Cynthia Habonimana
764,Rediet Abebe
765,Christopher Quarles
766,Lia Bozarth
767,Anri Suzuki
768,Fujio Toriumi
769,Andrew Halterman
770,Lisa Friedland
771,Nir Grinberg
772,Swati Goel
773,Hyeonho Song
774,Kunwoo Park
775,Meeyoung Cha
776,Daniel Romero
777,Maxim Sytch
778,Patrick Park
779,Christian Strippel
780,Joachim Trebbe
781,Laura Laugwitz
782,Martin Emmer
783,Sabina Hartnett
784,Sunje Paasch-colberg
785,Balazs Nagy
786,Dorottya Demszky
787,Julia Koltai
788,Martina Szabo
789,Orsolya Ring
790,Veronika Vincze
791,Zoltan Kmetty
792,Daniel Schroeder
793,Johannes Langguth
794,Konstantin Pogorelov
795,Petra Filkukova
796,Anahit Sargsyan
797,Flavio Pinheiro
798,Mona Zubaidi
799,Mark Whiting
800,Michael Bernstein
801,Phoebe Yao
802,Haewoon Kwak
803,Jisun An
804,Yy Ahn
805,Christoph Reuter
806,Isabella Czedik-eysenberg
807,Oliver Wieczorek
808,Adam Sawyer
809,George Barnett
810,Seth Frey
811,Taha Yasseri
812,Jean-michel Dalle
813,Jose Halloy
814,Theophile Carniel
815,Brett Bourbon
816,Renita Murimi
817,Faiz Ahamad
818,Lana Bilalova
819,Subhayan Mukerjee
820,Alfredo Morales
821,Egemen Sert
822,Oral Okan
823,Oliver Wieczorek
824,Ahmet Kurnaz
825,Scott Hale
826,Johannes Wachs
827,Julia Koltai
828,Karoly Takacs
829,Laszlo Lorincz
830,Jana Diesner
831,Lan Jiang
832,Ly Dinh
833,Rezvaneh Rezapour
834,Haylee Ham
835,Milena Tsvetkova
836,Oana Vuculescu
837,Rinat Sergeev
838,Sebastian Muller
839,Abeer Aldayel
840,Walid Magdy
841,Brian Uzzi
842,Dashun Wang
843,Nima Dehmamy
844,Suman Maity
845,Victoria Medvec
846,Yang Wang
847,Muyang Li
848,Zhifan Luo
849,Arun Sen
850,Kaustav Basu
851,Alexander Mantzaris
852,Amirarsalan Rajabi
853,Cameron Taylor
854,Ivan Garibay
855,Alexander Loser
856,Betty Aken
857,Christian Strippel
858,Joachim Trebbe
859,Laura Laugwitz
860,Martin Emmer
861,Sunje Paasch-colberg
862,Brian Uzzi
863,Mohammad Rasoolinejad
864,Sourav Medya
865,Katherine Haenschen
866,Ali Tafti
867,Hyejin Youn
868,Mohamad Hosseinioun
869,Bari Bendell
870,Dmitry Zinoviev
871,Pelin Bicen
872,Jessica Santana
873,Sagar Kumar
874,Marc Rauckhorst
875,Nupur Baghel
876,Roshan Santhosh
877,Shubham Annadate
878,Shweta Chopra
879,Yi-nung Huang
880,Aniko Hannak
881,Kenneth Joseph
882,Stefania Ionescu
883,Luca Verginer
884,Massimo Riccaboni
885,Pietro Panzarasa
886,Xiancheng Li
887,Yifan Qian
888,Alex Pentland
889,Alia Braley
890,Dan Calacci
891,Dhaval Adjodah
892,Filippo Simini
893,Flavia Luca
894,Robert Eyre
895,Ismail Uluturk
896,Onur Varol
897,Alex Pentland
898,Ding Lyu
899,Lin Wang
900,Xiaofan Wang
901,Evgenia Dolgova
902,Pursey Heugens
903,Gwilym Pryce
904,Mohammed Aleinzi
905,Nathan Hughes
906,Roland Toth
907,Tatiana Trifonova
908,David Bartl
909,Jaroslav Ramik
910,Jiri Mazurek
911,Radomir Perzina
912,Adam Richards
913,Andrew Ledbetter
914,Jie Zhuang
915,Qinghua Yang
916,Andreas Witt
917,Diana Steffen
918,Jana Diesner
919,Jutta Bopp
920,Norman Fiedler
921,Rezvaneh Rezapour
922,Renata Nemeth
923,Zoltan Kmetty
924,Aaron Clauset
925,Daniel Larremore
926,Sam Zhang
927,Dakota Murray
928,Jisung Yoon
929,Rodrigo Costas
930,Stasa Milojevic
931,Woo-sung Jung
932,Yy Ahn
933,Hendrik Schawe
934,Laura Hernandez
935,Christopher Danforth
936,Joshua Minot
937,Michael Arnold
938,Peter Dodds
939,Thayer Alshaabi
940,Ulrike Hahn
941,Kristina Lerman
942,Filippo Menczer
943,Daniel Putman
944,Esteban Moro
945,Inaki Ucar
946,Marco Fiore
947,Marco Gramaglia
948,Zbigniew Smoreda
949,Amir Goldberg
950,Paul Vicinanza
951,Sameer Srivastava
952,Filippo Menczer
953,Kaicheng Yang
954,Onur Varol
955,Pik-mai Hui
956,Kokil Jaidka
957,Subhayan Mukerjee
958,Yphtach Lelkes
959,Dashun Wang
960,Lu Liu
961,Nima Dehmamy
962,Benoit Schmutz
963,Germain Gauthier
964,Pierre Boyer
965,Thomas Delemotte
966,Vincent Rollet
967,Jonathan Morgan
968,Kenneth Joseph
969,Aaron Clauset
970,Daniel Larremore
971,Kenneth Wapman
972,Clara Hanson
973,Dean Eckles
974,Kiran Garimella
975,Maurice Jakesch
976,Mor Naaman
977,Alex Pentland
978,Alia Braley
979,Dhaval Adjodah
980,Hossein Rahmana
981,Chris Bail
982,Douglas Guilbeault
983,Eaman Jahani
984,Friedolin Merhout
985,Natalie Gallagher
986,Nicolo Cavalli
987,Yan Leng
988,Xin Jin
989,Fabrizio Lillo
990,Francesca Chiaromonte
991,Giorgio Tripodi
992,Itto Kornecki
993,Mikhail Sirenko
994,Nuno Araujo
995,Scott Cunningham
996,Trivik Verma
997,Caterina Gennaioli
998,Jianjian Gao
999,Pietro Panzarasa
1000,Sam Fankhauser
1001,Stefano Carattini
1002,Alessandro Flammini
1003,Bao Truong
1004,Christopher Torres-lugo
1005,Filippo Menczer
1006,Pacheco Diogo
1007,Pik-mai Hui
1008,Ian Miller
1009,David Jurgens
1010,Hao Peng
1011,Misha Teplitskiy
1012,Agnes Horvat
1013,Henry Dambanemuya
1014,Madhav Joshi
1015,Alex Pentland
1016,Dan Calacci
1017,Esteban Moro
1018,Xiaowen Dong
1019,Jisung Yoon
1020,Kaicheng Yang
1021,Woo-sung Jung
1022,Yy Ahn
1023,Aaron Cluaset
1024,Amir Ghasemian
1025,David Rothschild
1026,Duncan Watts
1027,Homa Hosseinmardi
1028,Arthur Luhur
1029,Beom Kim
1030,Jaehyuk Park
1031,Woo Jo
1032,Yy Ahn
1033,Christopher Torres-lugo
1034,Filippo Menczer
1035,Kaicheng Yang
1036,Pik-mai Hui
1037,Ceren Budak
1038,Daniel Romero
1039,Hao Peng
1040,Qing Ke
1041,Yy Ahn
1042,Sean Fischer
1043,Alex Pentland
1044,Alfredo Morales
1045,Isabella Loaiza
1046,Matej Novak
1047,Akira Matsui
1048,Emilio Ferrara
1049,Emily Chen
1050,Morteza Dehghani
1051,Yunwen Wang
1052,Alireza Sabet
1053,Marco Brambilla
1054,Krish Perumal
1055,Narayanamoorthy Nanditha
1056,Daniel Acuna
1057,Tong Zeng
1058,Craig Tutterow
1059,James Evans
1060,Lingfei Wu
1061,Abigail Horn
1062,Alex Pentland
1063,Esteban Moro
1064,Kayla Haye
1065,Mohsen Bahrami
1066,Yamir Moreno
1067,Iyad Rahwan
1068,Aolong Zha
1069,Itsuki Noda
1070,Christopher Danforth
1071,Jeanie Lim
1072,Kelsey Linnell
1073,Peter Dodds
1074,Thayer Alshaabi
1075,Tom Mcandrew
1076,Francesca Gino
1077,Julia Minson
1078,Mike Yeomans
1079,Azim Shariff
1080,Edmond Awad
1081,Iyad Rahwan
1082,Jean-francois Bonnefon
1083,Sohan Dsouza
1084,Cuihua Shen
1085,Jian Zhu
1086,Yixin Zhou
1087,Jason Jones
1088,Jessica Kim
1089,Mohammad Amin
1090,Steven Skiena
1091,Alex Pentland
1092,Alex Rutherford
1093,Esteban Moro
1094,Iyad Rahwan
1095,Manuel Cebrian
1096,Morgan Frank
1097,Adam Pah
1098,David Schwartz
1099,Luis Amaral
1100,Florian Cafiero
1101,Jeremy Ward
1102,Paul Guille-escuret
1103,Alex Pentland
1104,Tara Sowrirajan
1105,Tatiana Lau
1106,Diogo Pacheco
1107,Filippo Menczer
1108,Wen Chen
1109,David Lazer
1110,Dhaval Adjodah
1111,Nir Grinberg
1112,Samuel Fraiberger
1113,Agnes Horvat
1114,Yixue Wang
1115,Claudia Wagner
1116,Milena Tsvetkova
1117,Oana Vuculescu
1118,Alex Pentland
1119,Christos Nicolaides
1120,Dean Eckles
1121,Yuan Yuan
1122,Dana Warmsley
1123,Samuel Johnson
1124,Alexander Verbraeck
1125,Mikhail Sirenko
1126,Scott Cunningham
1127,Trivik Verma
1128,Yilin Huang
1129,Agnes Horvat
1130,Igor Zakhlebin
1131,Orsolya Vasarhelyi
1132,Stasa Milojevic
1133,Ananth Balashankar
1134,Lakshmi Subramanian
1135,Samuel Fraiberger
1136,Ashton Anderson
1137,Lillio Mok
1138,Anne Stupinski
1139,Christopher Danforth
1140,Peter Dodds
1141,Thayer Alshaabi
1142,Babak Heydari
1143,Dan O'brien
1144,Laiyang Ke
1145,Alex Pentland
1146,Esteban Moro
1147,Matias Travizano
1148,Xiaowen Dong
1149,Yan Leng
1150,Amit Sheth
1151,Krishnaprasad Thirunarayan
1152,Maninder Kalra
1153,Marco Valtorta
1154,Utkarshani Ja
1155,Adam Hughes
1156,Onyi Lam
1157,Stefan Wojcik
1158,Leonardo Nicoletti
1159,Mikhail Sirkenko
1160,Trivik Verma
1161,Eni Mustafaraj
1162,Caitlin Gray
1163,Lewis Mitchell
1164,Matthewhew Roughan
1165,Antoine Mazieres
1166,Camille Roth
1167,Telmo Menezes
1168,Fan Zhang
1169,Zhuangyuan Fan
1170,Alicia Cork
1171,Mark Levine
1172,Miriam Koschate-reis
1173,Richard Everson
1174,Anna Tedijanto
1175,Anneke Buffone
1176,H 
1177,Rediet Abebe
1178,Salvatore Giorgi
1179,Anindya Ghose
1180,Panos Ipeirotis
1181,Prasanna Parasurama
1182,Marco Brambilla
1183,Margherita Ricotti
1184,Dorian Tsolak
1185,Simon Kuhne
1186,Andrea Baronchelli
1187,Damon Centola
1188,Douglas Guilbeault
1189,Martin Hilbert
1190,Mario Molina
1191,Martin Hilbert
1192,Qiankun Zhong
1193,Seth Frey
1194,Nicolas Pares
1195,Peter Organisciak
1196,Arram Bae
1197,Jingbo Meng
1198,Winson Peng
1199,Christian Strippel
1200,Joachim Trebbe
1201,Laura Laugwitz
1202,Martin Emmer
1203,Sunje Paasch-colberg
1204,Alexander Mantzaris
1205,Ivan Garibay
1206,Jasser Jasser
1207,Steve Scheinert
1208,Ece Mutlu
1209,Ivan Garibay
1210,Feng Fu
1211,Matthewhew Jones
1212,Scott Pauls
1213,Aditya Tandon
1214,Alessandro Flammini
1215,Diego Amancio
1216,Filipi Silva
1217,Filippo Menczer
1218,Santo Fortunato
1219,Stasa Milojevic
1220,Flora Samu
1221,Julia Galantai
1222,Karoly Takacs
1223,Itsuki Fujisaki
1224,Kazuhiro Ueda
1225,Kunhao Yang
1226,Alex Pentland
1227,Michiel Bakker
1228,Qiankun Zhong
1229,Seth Frey
1230,Blake Wertz
1231,Martin Hilbert
1232,Qiankun Zhong
1233,Seth Frey
1234,Alexander Brand
1235,Niklas Dorner
1236,Oliver Wieczorek
1237,Alexis Perrier
1238,Bilel Benbouzid
1239,Emma Gauthier
1240,Pedro Morales
1241,King-wa Fu
1242,Dr Harris
1243,Prof Levene
1244,Juan Losada
1245,Julia Atienza-barthelemy
1246,Rosa Benito
1247,Samuel Martin-gutierrez
1248,Mariko Ito
1249,Takaaki Ohnishi
1250,Issa Luna-pla
1251,Jose Carlock
1252,Anahit Sargsyan
1253,Bedoor Alshebli
1254,Maria Sahakyan
1255,Talal Rahwan
1256,Chico Camargo
1257,Scott Hale
1258,Ruilin Chen
1259,Barry Bradlyn
1260,Emiliano Cristofaro
1261,Gianluca Stringhini
1262,Jeremy Blackburn
1263,Manoel Ribeiro
1264,Savvas Zannettou
1265,Stephanie Greenberg
1266,Summer Long
1267,John Lang
1268,Pj Lamberson
1269,Shan Huang
1270,Yifan Yu
1271,Yong Tan
1272,Yuchen Liu
1273,David Holtz
1274,Janet Xu
1275,Sanaz Mobasseri
1276,Zanele Munyikwa
1277,Justin Ho
1278,Francesco Rampazzo
1279,Francesco Silvestri
1280,Katherine Pham
1281,Pietro Rampazzo
1282,Dokyun Lee
1283,Emaad Manzoor
1284,George Chen
1285,Michael Smith
1286,Ceren Budak
1287,Daniel Romero
1288,David Jurgens
1289,Minje Choi
1290,Daniel Acuna
1291,Han Zhuang
1292,Aleksei Rotmistrov
1293,Svetlana Zhuchkova
1294,Sanguk Lee
1295,Tai-quan Peng
1296,Adam Berinsky
1297,Chloe Wittenberg
1298,David Rand
1299,Jonathan Zong
1300,Jiangmeng Liu
1301,Muyang Li
1302,Qinghua Yang
1303,Zhifan Luo
1304,Jos Lemmink
1305,Mark Graus
1306,Steffi Kohl
1307,King-wa Fu
1308,Yuner Zhu
1309,Chang-young Oh
1310,Deok-sun Lee
1311,Sung-gook Choi
1312,Masahiro Kazama
1313,Sho Izumo
1314,Tim Lomas
1315,Yoshiki Ishikawa
1316,Apratim Mishra
1317,Jaihyun Park
1318,Jana Diesner
1319,Rezvaneh Rezapour
1320,James Bagrow
1321,Lewis Mitchell
1322,Saranzaya Magsarjav
1323,Tobin South
1324,Tyson Pond
1325,Kenneth Joseph
1326,Zijian An
1327,Alex Pentland
1328,Esteban Egido
1329,Yanni Yang
1330,Luca Rossi
1331,Michele Coscia
1332,Myung Cho
1333,Sanguk Lee
1334,Tai-quan Peng
1335,Shengchun Huang
1336,Tian Yang
1337,Jennifer Pan
1338,Yingdan Lu
1339,Christopher Danforth
1340,David Dewhurst
1341,Jane Adams
1342,Joshua Minot
1343,Michael Arnold
1344,Peter Dodds
1345,Thayer Alshaabi
1346,Clifford Odimegwu
1347,Emmanuel Olamijuwon
1348,Camille Roth
1349,Telmo Menezes
1350,Martin Lukac
1351,Ania Korsunska
1352,Jay Kachhadia
1353,Jennifer Stromer-galley
1354,Sarah Bolden
1355,Shloak Gupta
1356,Caterina Gennaioli
1357,Jianjian Gao
1358,Pietro Panzarasa
1359,Daniel Acuna
1360,Lizhen Liang
1361,Cassidy Sugimoto
1362,Dakota Murray
1363,Guillaume Cabanac
1364,Vincent Lariviere
1365,Dana Fisher
1366,Frederic Heaume
1367,Iain Weaver
1368,Lorien Jasny
1369,Munther Dahleh
1370,Tianyi Li
1371,Florian Cafiero
1372,Marie Puren
1373,Mauricio Barahona
1374,Paul Expert
1375,Pietro Panzarasa
1376,Yifan Qian
1377,Felix Munch
1378,Luca Rossi
1379,Dongwoo Lim
1380,Fujio Toriumi
1381,Jacobo Abitbol
1382,Marton Karsai
1383,Feifan Liu
1384,Haoxiang Xia
1385,Jaihyun Park
1386,Jana Diesner
1387,Rezvaneh Rezapour
1388,Karoline Wiesner
